Product ID,Name,Category,Quantity on Hand,Reorder Point,Turnover Rate
P0001,Record Item,Furniture,102,69,9.49
P0002,Choose Item,Furniture,302,112,1.24
P0003,Sing Item,Electronics,29,82,2.68
P0004,Condition Item,Electronics,439,98,9.09
P0005,Over Item,Furniture,315,123,5.0
P0006,Play Item,Tools,437,82,1.16
P0007,Blood Item,Clothing,218,71,7.45
P0008,Clearly Item,Tools,104,133,1.28
P0009,Sell Item,Furniture,94,80,5.93
P0010,Exactly Item,Electronics,226,146,8.61
P0011,Authority Item,Tools,71,133,3.38
P0012,Contain Item,Electronics,213,63,9.12
P0013,Reduce Item,Tools,212,198,6.91
P0014,Brother Item,Food,164,141,7.78
P0015,Painting Item,Furniture,32,146,3.34
P0016,Wife Item,Furniture,479,171,2.61
P0017,Partner Item,Clothing,404,67,3.05
P0018,Half Item,Electronics,383,117,8.22
P0019,Sort Item,Tools,368,137,2.92
P0020,Blue Item,Electronics,82,56,6.96
P0021,Environment Item,Food,202,107,7.02
P0022,Little Item,Electronics,161,161,6.68
P0023,Give Item,Tools,449,140,3.78
P0024,Trouble Item,Food,65,154,5.54
P0025,Tree Item,Tools,16,137,1.26
P0026,Term Item,Tools,416,79,5.4
P0027,Exactly Item,Food,379,194,5.36
P0028,Accept Item,Food,133,61,8.32
P0029,Word Item,Furniture,432,169,9.1
P0030,Boy Item,Tools,293,159,3.64
P0031,Focus Item,Furniture,212,118,6.51
P0032,During Item,Tools,228,99,5.42
P0033,Go Item,Electronics,203,139,1.33
P0034,Particular Item,Furniture,31,140,8.99
P0035,Enter Item,Clothing,307,179,8.53
P0036,Weight Item,Food,145,88,1.85
P0037,Modern Item,Clothing,117,152,8.01
P0038,Reason Item,Tools,61,71,7.33
P0039,Person Item,Food,306,100,7.77
P0040,Money Item,Tools,341,138,6.76
P0041,Television Item,Food,278,100,6.42
P0042,Sort Item,Food,260,68,4.45
P0043,Adult Item,Furniture,2,89,3.4
P0044,Suffer Item,Furniture,231,106,3.73
P0045,Your Item,Food,245,91,1.63
P0046,Or Item,Furniture,395,171,8.18
P0047,Service Item,Food,48,166,2.09
P0048,Miss Item,Food,195,63,5.87
P0049,Provide Item,Tools,27,66,4.2
P0050,Officer Item,Clothing,63,52,3.23
P0051,Race Item,Tools,57,167,9.68
P0052,Number Item,Clothing,361,134,3.39
P0053,Congress Item,Electronics,2,150,6.9
P0054,Would Item,Clothing,260,151,3.96
P0055,More Item,Tools,320,150,2.39
P0056,Us Item,Clothing,74,149,9.54
P0057,People Item,Furniture,425,102,4.88
P0058,Unit Item,Electronics,82,62,2.36
P0059,Continue Item,Furniture,29,191,4.37
P0060,Both Item,Food,475,155,8.82
P0061,If Item,Furniture,191,73,7.58
P0062,Under Item,Clothing,473,149,5.19
P0063,Maybe Item,Furniture,84,60,6.58
P0064,Star Item,Food,133,63,4.71
P0065,Enjoy Item,Clothing,470,177,2.1
P0066,Bank Item,Clothing,163,115,7.84
P0067,Money Item,Food,233,71,1.73
P0068,Design Item,Furniture,384,53,9.98
P0069,Draw Item,Clothing,110,160,2.49
P0070,Plan Item,Food,353,184,8.42
P0071,Ten Item,Tools,174,103,2.82
P0072,Seat Item,Furniture,52,99,8.55
P0073,Read Item,Clothing,439,114,9.84
P0074,Less Item,Electronics,12,190,3.76
P0075,Degree Item,Furniture,26,76,7.22
P0076,Idea Item,Electronics,104,189,8.39
P0077,Sister Item,Electronics,475,88,3.35
P0078,Bring Item,Tools,288,194,2.59
P0079,Degree Item,Food,66,153,2.26
P0080,Dinner Item,Food,418,117,5.0
P0081,Mind Item,Electronics,86,74,1.11
P0082,Involve Item,Electronics,419,200,4.75
P0083,Respond Item,Furniture,498,108,8.96
P0084,Four Item,Electronics,500,92,9.34
P0085,Far Item,Food,204,126,3.05
P0086,Wish Item,Clothing,406,74,8.68
P0087,Of Item,Tools,311,104,4.3
P0088,Business Item,Furniture,78,64,1.42
P0089,Allow Item,Clothing,483,116,7.23
P0090,Assume Item,Tools,341,181,6.55
P0091,Seek Item,Tools,186,199,4.42
P0092,Edge Item,Clothing,489,195,2.69
P0093,Clearly Item,Furniture,30,162,5.15
P0094,Whole Item,Tools,86,80,3.53
P0095,Billion Item,Food,232,150,3.22
P0096,Tend Item,Furniture,290,75,7.57
P0097,Order Item,Tools,106,149,7.84
P0098,Family Item,Food,75,171,1.64
P0099,Teach Item,Clothing,159,79,7.73
P0100,Like Item,Tools,71,155,6.0
P0101,Nothing Item,Furniture,389,165,1.35
P0102,Everything Item,Furniture,133,94,3.5
P0103,Writer Item,Food,343,187,7.57
P0104,When Item,Tools,294,160,7.8
P0105,Here Item,Tools,404,89,5.03
P0106,Value Item,Electronics,133,173,2.08
P0107,Job Item,Clothing,483,82,3.98
P0108,Five Item,Clothing,387,198,7.25
P0109,Professional Item,Food,141,100,9.99
P0110,Point Item,Electronics,368,189,6.65
P0111,Too Item,Furniture,378,54,4.37
P0112,Budget Item,Electronics,109,130,3.25
P0113,Whatever Item,Tools,270,144,6.57
P0114,Career Item,Tools,78,134,7.82
P0115,Although Item,Electronics,283,161,5.5
P0116,Audience Item,Clothing,474,101,6.69
P0117,At Item,Electronics,138,91,9.66
P0118,Including Item,Electronics,129,88,1.09
P0119,Everybody Item,Electronics,350,78,2.27
P0120,Pretty Item,Electronics,110,144,4.59
P0121,Back Item,Clothing,342,128,2.01
P0122,Down Item,Tools,358,99,9.97
P0123,Surface Item,Furniture,266,113,8.13
P0124,Them Item,Clothing,91,180,2.87
P0125,Even Item,Food,45,174,7.74
P0126,That Item,Tools,161,164,2.7
P0127,Room Item,Tools,49,73,9.18
P0128,Consider Item,Electronics,347,125,8.14
P0129,Require Item,Furniture,155,108,9.99
P0130,Serious Item,Tools,125,121,9.28
P0131,Behavior Item,Electronics,337,172,3.75
P0132,Have Item,Clothing,48,200,2.62
P0133,Television Item,Clothing,255,127,2.03
P0134,Out Item,Electronics,334,112,3.6
P0135,Wife Item,Food,159,95,7.14
P0136,Read Item,Tools,380,88,5.85
P0137,Exist Item,Furniture,61,175,8.66
P0138,Ago Item,Food,222,57,2.91
P0139,Play Item,Clothing,160,148,4.2
P0140,Hotel Item,Tools,230,80,4.35
P0141,Whose Item,Food,49,101,8.31
P0142,Set Item,Furniture,345,91,3.87
P0143,Cost Item,Electronics,291,50,2.59
P0144,Success Item,Food,177,146,8.2
P0145,Artist Item,Clothing,337,66,3.36
P0146,Budget Item,Food,20,182,6.17
P0147,Administration Item,Food,297,81,7.45
P0148,To Item,Furniture,473,126,1.05
P0149,Present Item,Clothing,156,73,6.77
P0150,Which Item,Furniture,78,195,7.73
P0151,Health Item,Clothing,320,54,6.19
P0152,Win Item,Clothing,348,117,4.83
P0153,Lot Item,Food,68,118,3.02
P0154,Glass Item,Furniture,413,166,3.35
P0155,Late Item,Furniture,420,116,8.97
P0156,Fear Item,Clothing,90,139,5.61
P0157,Although Item,Clothing,490,196,7.83
P0158,Could Item,Clothing,33,71,6.76
P0159,Sense Item,Furniture,382,170,4.15
P0160,Clearly Item,Electronics,136,70,1.33
P0161,Increase Item,Tools,473,119,8.01
P0162,Suddenly Item,Clothing,179,71,8.46
P0163,Including Item,Food,8,167,2.94
P0164,Prepare Item,Food,234,101,1.88
P0165,Answer Item,Furniture,42,84,9.78
P0166,Machine Item,Tools,129,187,1.54
P0167,Should Item,Food,486,174,7.63
P0168,Provide Item,Tools,384,143,6.75
P0169,Food Item,Electronics,160,188,5.85
P0170,Wish Item,Food,115,81,2.94
P0171,Eye Item,Clothing,161,118,2.67
P0172,Reality Item,Electronics,259,193,1.12
P0173,One Item,Furniture,393,197,1.03
P0174,May Item,Tools,185,145,7.99
P0175,Explain Item,Furniture,99,158,6.27
P0176,Population Item,Clothing,149,122,3.58
P0177,Site Item,Tools,170,152,2.91
P0178,Information Item,Furniture,325,190,5.16
P0179,Data Item,Tools,65,123,5.97
P0180,Option Item,Furniture,404,111,9.87
P0181,Red Item,Electronics,129,174,4.55
P0182,Catch Item,Furniture,275,97,8.14
P0183,Positive Item,Clothing,344,100,9.98
P0184,Member Item,Electronics,485,61,4.17
P0185,Truth Item,Food,299,69,9.04
P0186,Happen Item,Clothing,126,89,4.91
P0187,Control Item,Food,220,197,2.57
P0188,What Item,Food,454,93,6.08
P0189,Suffer Item,Tools,94,146,1.58
P0190,You Item,Tools,43,164,8.07
P0191,Too Item,Tools,487,136,1.74
P0192,Economy Item,Electronics,462,68,6.27
P0193,Look Item,Electronics,115,183,1.83
P0194,Again Item,Clothing,89,188,9.93
P0195,Exactly Item,Furniture,477,57,1.36
P0196,Add Item,Tools,265,60,5.54
P0197,Summer Item,Clothing,29,87,1.2
P0198,Parent Item,Furniture,385,125,5.69
P0199,In Item,Furniture,145,55,9.27
P0200,Stay Item,Tools,448,65,7.96
