Supplier ID,Name,Region,Delivery Timeliness %,Accuracy %,Avg Lead Time
S001,"Thomas, Terry and Johnson",South America,85.2,96.12,8
S002,"Stephenson, Oconnor and Estes",North America,92.02,98.07,6
S003,Dean Inc,Asia,96.39,91.06,12
S004,Warren PLC,Africa,88.84,93.42,13
S005,Elliott-Hull,Asia,87.76,98.72,4
S006,Wilson Ltd,Asia,93.91,98.8,9
S007,"Smith, Morris and Curtis",South America,93.09,90.76,4
S008,Hansen-Hernandez,Africa,89.47,96.11,14
S009,Mitchell-Silva,North America,89.98,98.13,12
S010,Rogers Inc,North America,89.21,90.71,10
S011,Cruz-Riley,Africa,99.68,94.58,14
S012,Hicks-Krause,South America,91.64,98.42,4
S013,Robinson-Martin,South America,99.85,94.3,4
S014,"Harris, Lopez and Herrera",Africa,86.74,99.52,6
S015,"Jordan, Mullins and Reyes",Africa,91.35,95.28,5
S016,Foley Ltd,South America,93.55,90.34,3
S017,Castillo-Simmons,Africa,96.9,96.95,7
S018,Crawford Inc,Africa,99.79,92.79,10
S019,"Knox, Torres and Stanley",Europe,87.89,99.69,12
S020,Fleming PLC,Africa,91.05,92.28,11
S021,Wall-Oneill,Europe,96.54,99.08,5
S022,Cruz-West,Europe,92.18,95.75,15
S023,Fuller-Ellis,North America,91.05,99.15,14
S024,Thompson PLC,Europe,87.78,90.48,9
S025,"Moore, Johnson and Vasquez",Asia,89.07,98.02,15
S026,Mathis-Vasquez,Africa,88.09,98.01,8
S027,Rodriguez LLC,Asia,93.73,93.69,7
S028,"Murphy, Clark and Pierce",Europe,93.28,90.76,10
S029,"Vazquez, Garcia and Miller",Africa,92.06,92.03,7
S030,"Allen, Ferguson and Frey",Asia,94.54,93.76,15
S031,"Holt, Byrd and Mccullough",South America,88.81,90.76,7
S032,Ryan-Bryan,Africa,88.21,90.73,3
S033,"Collins, Price and Walsh",South America,87.56,92.46,11
S034,Cox-Jacobson,Europe,88.9,91.51,9
S035,"Carr, Brown and Bennett",North America,98.02,92.01,13
S036,Wyatt PLC,Europe,93.53,95.3,4
S037,Bailey Ltd,Europe,88.82,96.01,4
S038,Walton and Sons,Europe,87.32,91.5,13
S039,Duncan-Phillips,South America,99.73,98.23,14
S040,"Blair, Jones and Calderon",South America,89.65,94.91,6
S041,"Pitts, Davis and Jordan",Asia,94.84,99.06,9
S042,"Harris, Costa and White",Asia,98.38,95.63,10
S043,"Silva, Sanders and Martinez",Africa,90.3,93.83,9
S044,"Brandt, Webster and Espinoza",North America,94.99,96.8,5
S045,Gray-Castaneda,South America,96.4,99.87,13
S046,Morris-Bond,North America,91.06,92.6,3
S047,"Reid, Tran and Michael",Africa,93.12,91.36,14
S048,Short LLC,Europe,97.69,96.04,9
S049,"Robles, Mack and Gray",Asia,95.31,98.89,12
S050,Young-Ruiz,Europe,95.26,95.79,15
